low_res,high_res
000001_low.jpg,000001.jpg
000002_low.jpg,000002.jpg
000003_low.jpg,000003.jpg
000004_low.jpg,000004.jpg
000005_low.jpg,000005.jpg
000006_low.jpg,000006.jpg
000007_low.jpg,000007.jpg
000008_low.jpg,000008.jpg
000010_low.jpg,000010.jpg
000011_low.jpg,000011.jpg
000012_low.jpg,000012.jpg
000013_low.jpg,000013.jpg
000014_low.jpg,000014.jpg
000015_low.jpg,000015.jpg
000016_low.jpg,000016.jpg
000017_low.jpg,000017.jpg
000018_low.jpg,000018.jpg
000020_low.jpg,000020.jpg
000021_low.jpg,000021.jpg
000022_low.jpg,000022.jpg
000023_low.jpg,000023.jpg
000024_low.jpg,000024.jpg
000025_low.jpg,000025.jpg
000026_low.jpg,000026.jpg
000027_low.jpg,000027.jpg
000028_low.jpg,000028.jpg
000030_low.jpg,000030.jpg
000031_low.jpg,000031.jpg
000032_low.jpg,000032.jpg
000033_low.jpg,000033.jpg
000034_low.jpg,000034.jpg
000035_low.jpg,000035.jpg
000036_low.jpg,000036.jpg
000037_low.jpg,000037.jpg
000038_low.jpg,000038.jpg
000040_low.jpg,000040.jpg
000041_low.jpg,000041.jpg
000042_low.jpg,000042.jpg
000043_low.jpg,000043.jpg
000044_low.jpg,000044.jpg
000045_low.jpg,000045.jpg
000046_low.jpg,000046.jpg
000047_low.jpg,000047.jpg
000048_low.jpg,000048.jpg
000050_low.jpg,000050.jpg
000051_low.jpg,000051.jpg
000052_low.jpg,000052.jpg
000053_low.jpg,000053.jpg
000054_low.jpg,000054.jpg
000055_low.jpg,000055.jpg
000056_low.jpg,000056.jpg
000057_low.jpg,000057.jpg
000058_low.jpg,000058.jpg
000060_low.jpg,000060.jpg
000061_low.jpg,000061.jpg
000062_low.jpg,000062.jpg
000063_low.jpg,000063.jpg
000064_low.jpg,000064.jpg
000065_low.jpg,000065.jpg
000066_low.jpg,000066.jpg
000067_low.jpg,000067.jpg
000068_low.jpg,000068.jpg
000070_low.jpg,000070.jpg
000071_low.jpg,000071.jpg
000072_low.jpg,000072.jpg
000073_low.jpg,000073.jpg
000074_low.jpg,000074.jpg
000075_low.jpg,000075.jpg
000076_low.jpg,000076.jpg
000077_low.jpg,000077.jpg
000078_low.jpg,000078.jpg
000080_low.jpg,000080.jpg
000081_low.jpg,000081.jpg
000082_low.jpg,000082.jpg
000083_low.jpg,000083.jpg
000084_low.jpg,000084.jpg
000085_low.jpg,000085.jpg
000086_low.jpg,000086.jpg
000087_low.jpg,000087.jpg
000088_low.jpg,000088.jpg
000100_low.jpg,000100.jpg
000101_low.jpg,000101.jpg
000102_low.jpg,000102.jpg
000103_low.jpg,000103.jpg
000104_low.jpg,000104.jpg
000105_low.jpg,000105.jpg
000106_low.jpg,000106.jpg
000107_low.jpg,000107.jpg
000108_low.jpg,000108.jpg
000110_low.jpg,000110.jpg
000111_low.jpg,000111.jpg
000112_low.jpg,000112.jpg
000113_low.jpg,000113.jpg
000114_low.jpg,000114.jpg
000115_low.jpg,000115.jpg
000116_low.jpg,000116.jpg
000117_low.jpg,000117.jpg
000118_low.jpg,000118.jpg
000120_low.jpg,000120.jpg
000121_low.jpg,000121.jpg
000122_low.jpg,000122.jpg
000123_low.jpg,000123.jpg
000124_low.jpg,000124.jpg
000125_low.jpg,000125.jpg
000126_low.jpg,000126.jpg
000127_low.jpg,000127.jpg
000128_low.jpg,000128.jpg
000130_low.jpg,000130.jpg
000131_low.jpg,000131.jpg
000132_low.jpg,000132.jpg
000133_low.jpg,000133.jpg
000134_low.jpg,000134.jpg
000135_low.jpg,000135.jpg
000136_low.jpg,000136.jpg
000137_low.jpg,000137.jpg
000138_low.jpg,000138.jpg
000140_low.jpg,000140.jpg
000141_low.jpg,000141.jpg
000142_low.jpg,000142.jpg
000143_low.jpg,000143.jpg
000144_low.jpg,000144.jpg
000145_low.jpg,000145.jpg
000146_low.jpg,000146.jpg
000147_low.jpg,000147.jpg
000148_low.jpg,000148.jpg
000150_low.jpg,000150.jpg
000151_low.jpg,000151.jpg
000152_low.jpg,000152.jpg
000153_low.jpg,000153.jpg
000154_low.jpg,000154.jpg
000155_low.jpg,000155.jpg
000156_low.jpg,000156.jpg
000157_low.jpg,000157.jpg
000158_low.jpg,000158.jpg
000160_low.jpg,000160.jpg
000161_low.jpg,000161.jpg
000162_low.jpg,000162.jpg
000163_low.jpg,000163.jpg
000164_low.jpg,000164.jpg
000165_low.jpg,000165.jpg
000166_low.jpg,000166.jpg
000167_low.jpg,000167.jpg
000168_low.jpg,000168.jpg
000170_low.jpg,000170.jpg
000171_low.jpg,000171.jpg
000172_low.jpg,000172.jpg
000173_low.jpg,000173.jpg
000174_low.jpg,000174.jpg
000175_low.jpg,000175.jpg
000176_low.jpg,000176.jpg
000177_low.jpg,000177.jpg
000178_low.jpg,000178.jpg
000180_low.jpg,000180.jpg
000181_low.jpg,000181.jpg
000182_low.jpg,000182.jpg
000183_low.jpg,000183.jpg
000184_low.jpg,000184.jpg
000185_low.jpg,000185.jpg
000186_low.jpg,000186.jpg
000187_low.jpg,000187.jpg
000188_low.jpg,000188.jpg
000200_low.jpg,000200.jpg
000201_low.jpg,000201.jpg
000202_low.jpg,000202.jpg
000203_low.jpg,000203.jpg
000204_low.jpg,000204.jpg
000205_low.jpg,000205.jpg
000206_low.jpg,000206.jpg
000207_low.jpg,000207.jpg
000208_low.jpg,000208.jpg
000210_low.jpg,000210.jpg
000211_low.jpg,000211.jpg
000212_low.jpg,000212.jpg
000213_low.jpg,000213.jpg
000214_low.jpg,000214.jpg
000215_low.jpg,000215.jpg
000216_low.jpg,000216.jpg
000217_low.jpg,000217.jpg
000218_low.jpg,000218.jpg
000220_low.jpg,000220.jpg
000221_low.jpg,000221.jpg
000222_low.jpg,000222.jpg
000223_low.jpg,000223.jpg
000224_low.jpg,000224.jpg
000225_low.jpg,000225.jpg
000226_low.jpg,000226.jpg
000227_low.jpg,000227.jpg
000228_low.jpg,000228.jpg
000230_low.jpg,000230.jpg
000231_low.jpg,000231.jpg
000232_low.jpg,000232.jpg
000233_low.jpg,000233.jpg
000234_low.jpg,000234.jpg
000235_low.jpg,000235.jpg
000236_low.jpg,000236.jpg
000237_low.jpg,000237.jpg
000238_low.jpg,000238.jpg
000240_low.jpg,000240.jpg
000241_low.jpg,000241.jpg
000242_low.jpg,000242.jpg
000243_low.jpg,000243.jpg
000244_low.jpg,000244.jpg
000245_low.jpg,000245.jpg
000246_low.jpg,000246.jpg
000247_low.jpg,000247.jpg
000248_low.jpg,000248.jpg
000250_low.jpg,000250.jpg
000251_low.jpg,000251.jpg
000252_low.jpg,000252.jpg
000253_low.jpg,000253.jpg
000254_low.jpg,000254.jpg
000255_low.jpg,000255.jpg
000256_low.jpg,000256.jpg
000257_low.jpg,000257.jpg
000258_low.jpg,000258.jpg
000260_low.jpg,000260.jpg
000261_low.jpg,000261.jpg
000262_low.jpg,000262.jpg
000263_low.jpg,000263.jpg
000264_low.jpg,000264.jpg
000265_low.jpg,000265.jpg
000266_low.jpg,000266.jpg
000267_low.jpg,000267.jpg
000268_low.jpg,000268.jpg
000270_low.jpg,000270.jpg
000271_low.jpg,000271.jpg
000272_low.jpg,000272.jpg
000273_low.jpg,000273.jpg
000274_low.jpg,000274.jpg
000275_low.jpg,000275.jpg
000276_low.jpg,000276.jpg
000277_low.jpg,000277.jpg
000278_low.jpg,000278.jpg
000280_low.jpg,000280.jpg
000281_low.jpg,000281.jpg
000282_low.jpg,000282.jpg
000283_low.jpg,000283.jpg
000284_low.jpg,000284.jpg
000285_low.jpg,000285.jpg
000286_low.jpg,000286.jpg
000287_low.jpg,000287.jpg
000288_low.jpg,000288.jpg
000300_low.jpg,000300.jpg
000301_low.jpg,000301.jpg
000302_low.jpg,000302.jpg
000303_low.jpg,000303.jpg
000304_low.jpg,000304.jpg
000305_low.jpg,000305.jpg
000306_low.jpg,000306.jpg
000307_low.jpg,000307.jpg
000308_low.jpg,000308.jpg
000310_low.jpg,000310.jpg
000311_low.jpg,000311.jpg
000312_low.jpg,000312.jpg
000313_low.jpg,000313.jpg
000314_low.jpg,000314.jpg
000315_low.jpg,000315.jpg
000316_low.jpg,000316.jpg
000317_low.jpg,000317.jpg
000318_low.jpg,000318.jpg
000320_low.jpg,000320.jpg
000321_low.jpg,000321.jpg
000322_low.jpg,000322.jpg
000323_low.jpg,000323.jpg
000324_low.jpg,000324.jpg
000325_low.jpg,000325.jpg
000326_low.jpg,000326.jpg
000327_low.jpg,000327.jpg
000328_low.jpg,000328.jpg
000330_low.jpg,000330.jpg
000331_low.jpg,000331.jpg
000332_low.jpg,000332.jpg
000333_low.jpg,000333.jpg
000334_low.jpg,000334.jpg
000335_low.jpg,000335.jpg
000336_low.jpg,000336.jpg
000337_low.jpg,000337.jpg
000338_low.jpg,000338.jpg
000340_low.jpg,000340.jpg
000341_low.jpg,000341.jpg
000342_low.jpg,000342.jpg
000343_low.jpg,000343.jpg
000344_low.jpg,000344.jpg
000345_low.jpg,000345.jpg
000346_low.jpg,000346.jpg
000347_low.jpg,000347.jpg
000348_low.jpg,000348.jpg
000350_low.jpg,000350.jpg
000351_low.jpg,000351.jpg
000352_low.jpg,000352.jpg
000353_low.jpg,000353.jpg
000354_low.jpg,000354.jpg
000355_low.jpg,000355.jpg
000356_low.jpg,000356.jpg
000357_low.jpg,000357.jpg
000358_low.jpg,000358.jpg
000360_low.jpg,000360.jpg
000361_low.jpg,000361.jpg
000362_low.jpg,000362.jpg
000363_low.jpg,000363.jpg
000364_low.jpg,000364.jpg
000365_low.jpg,000365.jpg
000366_low.jpg,000366.jpg
000367_low.jpg,000367.jpg
000368_low.jpg,000368.jpg
000370_low.jpg,000370.jpg
000371_low.jpg,000371.jpg
000372_low.jpg,000372.jpg
000373_low.jpg,000373.jpg
000374_low.jpg,000374.jpg
000375_low.jpg,000375.jpg
000376_low.jpg,000376.jpg
000377_low.jpg,000377.jpg
000378_low.jpg,000378.jpg
000380_low.jpg,000380.jpg
000381_low.jpg,000381.jpg
000382_low.jpg,000382.jpg
000383_low.jpg,000383.jpg
000384_low.jpg,000384.jpg
000385_low.jpg,000385.jpg
000386_low.jpg,000386.jpg
000387_low.jpg,000387.jpg
000388_low.jpg,000388.jpg
000400_low.jpg,000400.jpg
000401_low.jpg,000401.jpg
000402_low.jpg,000402.jpg
000403_low.jpg,000403.jpg
000404_low.jpg,000404.jpg
000405_low.jpg,000405.jpg
000406_low.jpg,000406.jpg
000407_low.jpg,000407.jpg
000408_low.jpg,000408.jpg
000410_low.jpg,000410.jpg
000411_low.jpg,000411.jpg
000412_low.jpg,000412.jpg
000413_low.jpg,000413.jpg
000414_low.jpg,000414.jpg
000415_low.jpg,000415.jpg
000416_low.jpg,000416.jpg
000417_low.jpg,000417.jpg
000418_low.jpg,000418.jpg
000420_low.jpg,000420.jpg
000421_low.jpg,000421.jpg
000422_low.jpg,000422.jpg
000423_low.jpg,000423.jpg
000424_low.jpg,000424.jpg
000425_low.jpg,000425.jpg
000426_low.jpg,000426.jpg
000427_low.jpg,000427.jpg
000428_low.jpg,000428.jpg
000430_low.jpg,000430.jpg
000431_low.jpg,000431.jpg
000432_low.jpg,000432.jpg
000433_low.jpg,000433.jpg
000434_low.jpg,000434.jpg
000435_low.jpg,000435.jpg
000436_low.jpg,000436.jpg
000437_low.jpg,000437.jpg
000438_low.jpg,000438.jpg
000440_low.jpg,000440.jpg
000441_low.jpg,000441.jpg
000442_low.jpg,000442.jpg
000443_low.jpg,000443.jpg
000444_low.jpg,000444.jpg
000445_low.jpg,000445.jpg
000446_low.jpg,000446.jpg
000447_low.jpg,000447.jpg
000448_low.jpg,000448.jpg
000450_low.jpg,000450.jpg
000451_low.jpg,000451.jpg
000452_low.jpg,000452.jpg
000453_low.jpg,000453.jpg
000454_low.jpg,000454.jpg
000455_low.jpg,000455.jpg
000456_low.jpg,000456.jpg
000457_low.jpg,000457.jpg
000458_low.jpg,000458.jpg
000460_low.jpg,000460.jpg
000461_low.jpg,000461.jpg
000462_low.jpg,000462.jpg
000463_low.jpg,000463.jpg
000464_low.jpg,000464.jpg
000465_low.jpg,000465.jpg
000466_low.jpg,000466.jpg
000467_low.jpg,000467.jpg
000468_low.jpg,000468.jpg
000470_low.jpg,000470.jpg
000471_low.jpg,000471.jpg
000472_low.jpg,000472.jpg
000473_low.jpg,000473.jpg
000474_low.jpg,000474.jpg
000475_low.jpg,000475.jpg
000476_low.jpg,000476.jpg
000477_low.jpg,000477.jpg
000478_low.jpg,000478.jpg
000480_low.jpg,000480.jpg
000481_low.jpg,000481.jpg
000482_low.jpg,000482.jpg
000483_low.jpg,000483.jpg
000484_low.jpg,000484.jpg
000485_low.jpg,000485.jpg
000486_low.jpg,000486.jpg
000487_low.jpg,000487.jpg
000488_low.jpg,000488.jpg
000500_low.jpg,000500.jpg
000501_low.jpg,000501.jpg
000502_low.jpg,000502.jpg
000503_low.jpg,000503.jpg
000504_low.jpg,000504.jpg
